"areaCode","areaName","itemCode","itemName","year","areaHarvestedValue","areaHarvestedFlag","yieldValue","yieldFlag","productionValue","productionFlag","productionFlag2","areaHarvestedFlag2","yieldFlag2"
3,"Albania",430,"Okra",1995,800,"*",7.25,"*",5800,"*","","",""
3,"Albania",430,"Okra",1996,600,"*",8,"*",4800,"*","","",""
3,"Albania",430,"Okra",1997,750,"*",8,"*",6000,"*","","",""
3,"Albania",430,"Okra",1998,750,"*",8,"*",6000,"*","","",""
3,"Albania",430,"Okra",1999,740,"*",7.97297297297297,"*",5900,"*","","",""
3,"Albania",430,"Okra",2000,780,"*",7.94871794871795,"*",6200,"*","","",""
3,"Albania",430,"Okra",2001,790,"*",8.22784810126582,"*",6500,"*","","",""
3,"Albania",430,"Okra",2002,780,"*",8.58974358974359,"*",6700,"*","","",""
3,"Albania",430,"Okra",2003,700,"",8.57142857142857,"",6000,"","","",""
3,"Albania",430,"Okra",2004,600,"",8.83333333333333,"",5300,"","","",""
3,"Albania",430,"Okra",2005,700,"",8.28571428571429,"",5800,"","","",""
3,"Albania",430,"Okra",2006,700,"*",15,"*",10500,"*","","",""
3,"Albania",430,"Okra",2007,800,"*",9.25,"*",7400,"*","","",""
3,"Albania",430,"Okra",2008,765,"E",10.4575163398693,"E",8000,"F","","",""
3,"Albania",430,"Okra",2009,801,"E",10.1860174781523,"E",8159,"E","","",""
3,"Albania",430,"Okra",2010,800,"F",10,"F",8000,"F","","",""
3,"Albania",430,"Okra",2011,792,"E",10.2941919191919,"E",8153,"E","","",""
3,"Albania",430,"Okra",2012,800,"F",10,"F",8000,"F","","",""
3,"Albania",430,"Okra",2013,800,"T",10,"T",8000,"T","","",""
12,"Bahamas",430,"Okra",1995,0,"M",,"M",0,"M","","",""
12,"Bahamas",430,"Okra",1996,0,"M",,"M",0,"M","","",""
12,"Bahamas",430,"Okra",1997,0,"M",,"M",0,"M","","",""
12,"Bahamas",430,"Okra",1998,0,"M",,"M",0,"M","","",""
12,"Bahamas",430,"Okra",1999,0,"M",,"M",0,"M","","",""
12,"Bahamas",430,"Okra",2000,0,"M",,"M",0,"M","","",""
12,"Bahamas",430,"Okra",2001,0,"M",,"M",0,"M","","",""
12,"Bahamas",430,"Okra",2002,0,"M",,"M",0,"M","","",""
12,"Bahamas",430,"Okra",2003,0,"M",,"M",0,"M","","",""
12,"Bahamas",430,"Okra",2004,0,"M",,"M",0,"M","","",""
12,"Bahamas",430,"Okra",2005,0,"M",,"M",0,"M","","",""
12,"Bahamas",430,"Okra",2006,0,"M",,"M",0,"M","","",""
12,"Bahamas",430,"Okra",2007,0,"M",,"M",0,"M","","",""
12,"Bahamas",430,"Okra",2008,0,"M",,"M",0,"M","","",""
12,"Bahamas",430,"Okra",2009,0,"M",,"M",0,"M","","",""
12,"Bahamas",430,"Okra",2010,19,"",23.3157894736842,"",443,"","","",""
12,"Bahamas",430,"Okra",2011,19,"",23.6315789473684,"",449,"","","",""
12,"Bahamas",430,"Okra",2012,19,"",24,"",456,"","","",""
12,"Bahamas",430,"Okra",2013,19,"T",24,"T",456,"T","","",""
13,"Bahrain",430,"Okra",1995,0,"M",,"M",0,"M","","",""
13,"Bahrain",430,"Okra",1996,0,"M",,"M",0,"M","","",""
13,"Bahrain",430,"Okra",1997,0,"M",,"M",0,"M","","",""
13,"Bahrain",430,"Okra",1998,0,"M",,"M",0,"M","","",""
13,"Bahrain",430,"Okra",1999,0,"M",,"M",0,"M","","",""
13,"Bahrain",430,"Okra",2000,0,"M",,"M",0,"M","","",""
13,"Bahrain",430,"Okra",2001,0,"M",,"M",0,"M","","",""
13,"Bahrain",430,"Okra",2002,0,"M",,"M",0,"M","","",""
13,"Bahrain",430,"Okra",2003,0,"M",,"M",0,"M","","",""
13,"Bahrain",430,"Okra",2004,0,"M",,"M",0,"M","","",""
13,"Bahrain",430,"Okra",2005,29,"",1.89655172413793,"",55,"","","",""
13,"Bahrain",430,"Okra",2006,58,"",28.5,"",1653,"","","",""
13,"Bahrain",430,"Okra",2007,35,"",25.5714285714286,"",895,"","","",""
13,"Bahrain",430,"Okra",2008,31,"",22,"",682,"","","",""
13,"Bahrain",430,"Okra",2009,28,"",19.2857142857143,"",540,"","","",""
13,"Bahrain",430,"Okra",2010,26,"E",19.1538461538462,"E",498,"E","","",""
13,"Bahrain",430,"Okra",2011,25,"E",20.44,"E",511,"E","","",""
13,"Bahrain",430,"Okra",2012,25,"F",22,"F",550,"F","","",""
13,"Bahrain",430,"Okra",2013,25,"T",22,"T",550,"T","","",""
14,"Barbados",430,"Okra",1995,70,"F",7.07142857142857,"F",495,"","","",""
14,"Barbados",430,"Okra",1996,65,"F",7.69230769230769,"F",500,"F","","",""
14,"Barbados",430,"Okra",1997,75,"F",8,"F",600,"F","","",""
14,"Barbados",430,"Okra",1998,85,"F",8.23529411764706,"F",700,"F","","",""
14,"Barbados",430,"Okra",1999,95,"F",11.5789473684211,"F",1100,"F","","",""
14,"Barbados",430,"Okra",2000,100,"F",11.5,"F",1150,"F","","",""
14,"Barbados",430,"Okra",2001,105,"F",11.4285714285714,"F",1200,"F","","",""
14,"Barbados",430,"Okra",2002,115,"",11.2086956521739,"",1289,"","","",""
14,"Barbados",430,"Okra",2003,131,"",11.1908396946565,"",1466,"","","",""
14,"Barbados",430,"Okra",2004,50,"F",11.4,"F",570,"","","",""
14,"Barbados",430,"Okra",2005,45,"F",11,"F",495,"","","",""
14,"Barbados",430,"Okra",2006,47,"F",11.1702127659574,"F",525,"","","",""
14,"Barbados",430,"Okra",2007,59,"F",11.1525423728814,"F",658,"","","",""
14,"Barbados",430,"Okra",2008,38,"F",11.1578947368421,"F",424,"","","",""
14,"Barbados",430,"Okra",2009,21,"F",11.6666666666667,"F",245,"","","",""
14,"Barbados",430,"Okra",2010,27,"F",11.2222222222222,"F",303,"","","",""
14,"Barbados",430,"Okra",2011,28,"F",11.1428571428571,"F",312,"","","",""
14,"Barbados",430,"Okra",2012,30,"F",10.6666666666667,"F",320,"F","","",""
14,"Barbados",430,"Okra",2013,30,"T",10.6666666666667,"T",320,"T","","",""
23,"Belize",430,"Okra",1995,13,"E",4.23076923076923,"E",55,"F","","",""
23,"Belize",430,"Okra",1996,1,"",9,"",9,"","","",""
23,"Belize",430,"Okra",1997,2,"E",4,"E",8,"F","","",""
23,"Belize",430,"Okra",1998,3,"E",2.33333333333333,"E",7,"","","",""
23,"Belize",430,"Okra",1999,7,"",5.71428571428571,"",40,"","","",""
23,"Belize",430,"Okra",2000,25,"",12.16,"",304,"","","",""
23,"Belize",430,"Okra",2001,23,"",8.34782608695652,"",192,"","","",""
23,"Belize",430,"Okra",2002,25,"F",9.96,"F",249,"","","",""
23,"Belize",430,"Okra",2003,15,"F",7.2,"F",108,"","","",""
23,"Belize",430,"Okra",2004,10,"F",5.1,"F",51,"","","",""
23,"Belize",430,"Okra",2005,5,"F",3.2,"F",16,"","","",""
23,"Belize",430,"Okra",2006,13,"",6,"",78,"","","",""
23,"Belize",430,"Okra",2007,6,"",3.66666666666667,"",22,"","","",""
23,"Belize",430,"Okra",2008,11,"",2.72727272727273,"",30,"","","",""
23,"Belize",430,"Okra",2009,10,"",2.9,"",29,"","","",""
23,"Belize",430,"Okra",2010,7,"E",4.28571428571429,"E",30,"F","","",""
23,"Belize",430,"Okra",2011,27,"",1.77777777777778,"",48,"","","",""
23,"Belize",430,"Okra",2012,8,"",2.875,"",23,"","","",""
23,"Belize",430,"Okra",2013,9,"",5.33333333333333,"",48,"","","",""
26,"Brunei Darsm",430,"Okra",1995,261,"*",0.800766283524904,"F",209,"F","","",""
26,"Brunei Darsm",430,"Okra",1996,294,"*",0.799319727891156,"F",235,"F","","",""
26,"Brunei Darsm",430,"Okra",1997,291,"*",0.800687285223368,"F",233,"F","","",""
26,"Brunei Darsm",430,"Okra",1998,276,"*",0.800724637681159,"F",221,"F","","",""
26,"Brunei Darsm",430,"Okra",1999,307,"*",0.798045602605863,"F",245,"F","","",""
26,"Brunei Darsm",430,"Okra",2000,388,"*",0.798969072164949,"*",310,"*","","",""
26,"Brunei Darsm",430,"Okra",2001,390,"*",0.8,"*",312,"*","","",""
26,"Brunei Darsm",430,"Okra",2002,420,"*",0.8,"*",336,"*","","",""
26,"Brunei Darsm",430,"Okra",2003,453,"*",0.801324503311258,"*",363,"*","","",""
26,"Brunei Darsm",430,"Okra",2004,518,"",0.799227799227799,"",414,"","","",""
26,"Brunei Darsm",430,"Okra",2005,474,"",0.79957805907173,"",379,"","","",""
26,"Brunei Darsm",430,"Okra",2006,446,"F",0.800448430493274,"F",357,"","","",""
26,"Brunei Darsm",430,"Okra",2007,429,"F",0.7995337995338,"F",343,"F","","",""
26,"Brunei Darsm",430,"Okra",2008,430,"F",0.790697674418605,"F",340,"F","","",""
26,"Brunei Darsm",430,"Okra",2009,451,"E",0.882483370288248,"E",398,"E","","",""
26,"Brunei Darsm",430,"Okra",2010,453,"E",0.774834437086093,"E",351,"E","","",""
26,"Brunei Darsm",430,"Okra",2011,444,"E",0.880630630630631,"E",391,"E","","",""
26,"Brunei Darsm",430,"Okra",2012,450,"F",0.933333333333333,"F",420,"F","","",""
26,"Brunei Darsm",430,"Okra",2013,450,"T",0.933333333333333,"T",420,"T","","",""
32,"Cameroon",430,"Okra",1995,23000,"F",0.739130434782609,"F",17000,"F","","",""
32,"Cameroon",430,"Okra",1996,24000,"F",0.75,"F",18000,"F","","",""
32,"Cameroon",430,"Okra",1997,27000,"F",0.740740740740741,"F",20000,"F","","",""
32,"Cameroon",430,"Okra",1998,30000,"F",0.742866666666667,"F",22286,"","","",""
32,"Cameroon",430,"Okra",1999,18755,"",1.73495067981872,"",32539,"","","",""
32,"Cameroon",430,"Okra",2000,18602,"",1.74922051392323,"",32539,"","","",""
32,"Cameroon",430,"Okra",2001,28230,"",1.18030464045342,"",33320,"","","",""
32,"Cameroon",430,"Okra",2002,32990,"",1.03425280387996,"",34120,"","","",""
32,"Cameroon",430,"Okra",2003,38553,"",0.906232977978367,"",34938,"","","",""
32,"Cameroon",430,"Okra",2004,45054,"",0.794091534602921,"",35777,"","","",""
32,"Cameroon",430,"Okra",2005,17445,"",2.00068787618229,"",34902,"","","",""
32,"Cameroon",430,"Okra",2006,19447,"",2.03213863320821,"",39519,"","","",""
32,"Cameroon",430,"Okra",2007,15019,"",2.70004660763033,"",40552,"","","",""
32,"Cameroon",430,"Okra",2008,15402,"",2.69997402934684,"",41585,"","","",""
32,"Cameroon",430,"Okra",2009,18622,"",2.53297175383954,"",47169,"","","",""
32,"Cameroon",430,"Okra",2010,24004,"",2.51558073654391,"",60384,"","","",""
32,"Cameroon",430,"Okra",2011,26127,"",2.43169900868833,"",63533,"","","",""
32,"Cameroon",430,"Okra",2012,26500,"F",2.60603773584906,"F",69060,"","","",""
32,"Cameroon",430,"Okra",2013,26500,"T",2.74192452830189,"T",72661,"","","",""
46,"Congo, Rep",430,"Okra",1995,150,"F",3,"F",450,"F","","",""
46,"Congo, Rep",430,"Okra",1996,165,"F",3.03030303030303,"F",500,"F","","",""
46,"Congo, Rep",430,"Okra",1997,185,"F",2.97297297297297,"F",550,"F","","",""
46,"Congo, Rep",430,"Okra",1998,200,"F",3,"F",600,"F","","",""
46,"Congo, Rep",430,"Okra",1999,215,"F",3.02325581395349,"F",650,"F","","",""
46,"Congo, Rep",430,"Okra",2000,230,"F",3.04347826086957,"F",700,"F","","",""
46,"Congo, Rep",430,"Okra",2001,250,"F",3,"F",750,"F","","",""
46,"Congo, Rep",430,"Okra",2002,265,"F",3.0188679245283,"F",800,"F","","",""
46,"Congo, Rep",430,"Okra",2003,290,"F",2.95862068965517,"F",858,"","","",""
46,"Congo, Rep",430,"Okra",2004,320,"F",3.0125,"F",964,"","","",""
46,"Congo, Rep",430,"Okra",2005,325,"E",2.98461538461538,"E",970,"F","","",""
46,"Congo, Rep",430,"Okra",2006,280,"E",3.92142857142857,"E",1098,"E","","",""
46,"Congo, Rep",430,"Okra",2007,315,"F",3.01587301587302,"F",950,"F","","",""
46,"Congo, Rep",430,"Okra",2008,320,"F",3.03125,"F",970,"F","","",""
46,"Congo, Rep",430,"Okra",2009,387,"E",2.84237726098191,"E",1100,"E","","",""
46,"Congo, Rep",430,"Okra",2010,499,"E",2.82164328657315,"E",1408,"E","","",""
46,"Congo, Rep",430,"Okra",2011,473,"E",3.07610993657505,"E",1455,"E","","",""
46,"Congo, Rep",430,"Okra",2012,500,"F",3,"F",1500,"F","","",""
46,"Congo, Rep",430,"Okra",2013,500,"T",3,"T",1500,"T","","",""
50,"Cyprus",430,"Okra",1995,70,"",17.1428571428571,"",1200,"","","",""
50,"Cyprus",430,"Okra",1996,70,"",17.1428571428571,"",1200,"","","",""
50,"Cyprus",430,"Okra",1997,73,"",17.8082191780822,"",1300,"","","",""
50,"Cyprus",430,"Okra",1998,73,"",16.4383561643836,"",1200,"","","",""
50,"Cyprus",430,"Okra",1999,73,"",20.5479452054795,"",1500,"","","",""
50,"Cyprus",430,"Okra",2000,73,"",17.3972602739726,"",1270,"","","",""
50,"Cyprus",430,"Okra",2001,73,"",21.9178082191781,"",1600,"","","",""
50,"Cyprus",430,"Okra",2002,73,"",24.6575342465753,"",1800,"","","",""
50,"Cyprus",430,"Okra",2003,93,"",20.4301075268817,"",1900,"","","",""
50,"Cyprus",430,"Okra",2004,83,"",19.8072289156627,"",1644,"","","",""
50,"Cyprus",430,"Okra",2005,84,"",21.2857142857143,"",1788,"","","",""
50,"Cyprus",430,"Okra",2006,88,"",25.5113636363636,"",2245,"","","",""
50,"Cyprus",430,"Okra",2007,88,"",22.125,"",1947,"","","",""
50,"Cyprus",430,"Okra",2008,87,"",22.0689655172414,"",1920,"","","",""
50,"Cyprus",430,"Okra",2009,87,"",18.6781609195402,"",1625,"","","",""
50,"Cyprus",430,"Okra",2010,100,"",16.08,"",1608,"","","",""
50,"Cyprus",430,"Okra",2011,99,"",24.5252525252525,"",2428,"","","",""
50,"Cyprus",430,"Okra",2012,96,"",20.75,"",1992,"","","",""
50,"Cyprus",430,"Okra",2013,96,"T",20.75,"T",1992,"T","","",""
53,"Benin",430,"Okra",1995,7267,"",4.29283060410073,"",31196,"","","",""
53,"Benin",430,"Okra",1996,16273,"",3.17237141276962,"",51624,"","","",""
53,"Benin",430,"Okra",1997,16576,"",3.03643822393822,"",50332,"","","",""
53,"Benin",430,"Okra",1998,18925,"",2.82087186261559,"",53385,"","","",""
53,"Benin",430,"Okra",1999,17595,"",3.10196078431373,"",54579,"","","",""
53,"Benin",430,"Okra",2000,19509,"",3.02198985083807,"",58956,"","","",""
53,"Benin",430,"Okra",2001,18887,"",3.07613702546725,"",58099,"","","",""
53,"Benin",430,"Okra",2002,23095,"",2.96839142671574,"",68555,"","","",""
53,"Benin",430,"Okra",2003,23559,"*",3.622097712127,"*",85333,"*","","",""
53,"Benin",430,"Okra",2004,21035,"",3.30587116710245,"",69539,"","","",""
53,"Benin",430,"Okra",2005,17897,"",4.25864670056434,"",76217,"","","",""
53,"Benin",430,"Okra",2006,17432,"",4.43930702156953,"",77386,"","","",""
53,"Benin",430,"Okra",2007,14197,"",3.46002676621822,"",49122,"","","",""
53,"Benin",430,"Okra",2008,13658,"",3.51881681066042,"",48060,"","","",""
53,"Benin",430,"Okra",2009,12945,"",3.31015836230205,"",42850,"","","",""
53,"Benin",430,"Okra",2010,13357,"",3.41371565471288,"",45597,"","","",""
53,"Benin",430,"Okra",2011,13551,"",3.56704302265515,"",48337,"","","",""
53,"Benin",430,"Okra",2012,17780,"",3.8330146231721,"",68151,"","","",""
53,"Benin",430,"Okra",2013,17780,"T",3.8330146231721,"T",68151,"T","","",""
59,"Egypt",430,"Okra",1995,5565,"*",13.5832884097035,"*",75591,"*","","",""
59,"Egypt",430,"Okra",1996,5388,"*",13.5278396436526,"*",72888,"*","","",""
59,"Egypt",430,"Okra",1997,5400,"F",13.7037037037037,"F",74000,"F","","",""
59,"Egypt",430,"Okra",1998,5500,"F",13.6363636363636,"F",75000,"F","","",""
59,"Egypt",430,"Okra",1999,6450,"",15.0573643410853,"",97120,"","","",""
59,"Egypt",430,"Okra",2000,6000,"",12.6666666666667,"",76000,"","","",""
59,"Egypt",430,"Okra",2001,6072,"",14.0375494071146,"",85236,"","","",""
59,"Egypt",430,"Okra",2002,6360,"",14.8223270440252,"",94270,"","","",""
59,"Egypt",430,"Okra",2003,6690,"",15.6412556053812,"",104640,"","","",""
59,"Egypt",430,"Okra",2004,7060,"",15.9178470254958,"",112380,"","","",""
59,"Egypt",430,"Okra",2005,7070,"",16.0523338048091,"",113490,"","","",""
59,"Egypt",430,"Okra",2006,6970,"",15.7087517934003,"",109490,"","","",""
59,"Egypt",430,"Okra",2007,7540,"",15.6419098143236,"",117940,"","","",""
59,"Egypt",430,"Okra",2008,7200,"",14.5402777777778,"",104690,"","","",""
59,"Egypt",430,"Okra",2009,9325,"",14.4412868632708,"",134665,"","","",""
59,"Egypt",430,"Okra",2010,6885,"",12.5246187363834,"",86232,"","","",""
59,"Egypt",430,"Okra",2011,6725,"",12.4968029739777,"",84041,"","","",""
59,"Egypt",430,"Okra",2012,6957,"",13.9583153658186,"",97108,"","","",""
59,"Egypt",430,"Okra",2013,6957,"T",13.9583153658186,"T",97108,"T","","",""
66,"Fiji Islands",430,"Okra",1995,180,"F",5.55555555555556,"F",1000,"F","","",""
66,"Fiji Islands",430,"Okra",1996,184,"E",5.97826086956522,"E",1100,"F","","",""
66,"Fiji Islands",430,"Okra",1997,180,"F",5.94444444444444,"F",1070,"","","",""
66,"Fiji Islands",430,"Okra",1998,180,"F",6.11111111111111,"F",1100,"F","","",""
66,"Fiji Islands",430,"Okra",1999,176,"E",6.38068181818182,"E",1123,"E","","",""
66,"Fiji Islands",430,"Okra",2000,170,"F",5.88235294117647,"F",1000,"F","","",""
66,"Fiji Islands",430,"Okra",2001,164,"E",6.51219512195122,"E",1068,"E","","",""
66,"Fiji Islands",430,"Okra",2002,141,"E",6.90070921985816,"E",973,"E","","",""
66,"Fiji Islands",430,"Okra",2003,154,"E",6.07142857142857,"E",935,"E","","",""
66,"Fiji Islands",430,"Okra",2004,152,"E",6.72368421052632,"E",1022,"E","","",""
66,"Fiji Islands",430,"Okra",2005,149,"E",6.43624161073826,"E",959,"E","","",""
66,"Fiji Islands",430,"Okra",2006,180,"F",5.83333333333333,"F",1050,"F","","",""
66,"Fiji Islands",430,"Okra",2007,190,"F",5.78947368421053,"F",1100,"F","","",""
66,"Fiji Islands",430,"Okra",2008,140,"E",7.59285714285714,"E",1063,"E","","",""
66,"Fiji Islands",430,"Okra",2009,123,"E",8.13821138211382,"E",1001,"E","","",""
66,"Fiji Islands",430,"Okra",2010,131,"E",7.70992366412214,"E",1010,"E","","",""
66,"Fiji Islands",430,"Okra",2011,134,"E",6.56716417910448,"E",880,"E","","",""
66,"Fiji Islands",430,"Okra",2012,135,"F",6.66666666666667,"F",900,"F","","",""
66,"Fiji Islands",430,"Okra",2013,135,"T",6.66666666666667,"T",900,"T","","",""
72,"Djibouti",430,"Okra",1995,,"",,"",13,"","","",""
72,"Djibouti",430,"Okra",1996,,"",,"E",9,"E","","",""
72,"Djibouti",430,"Okra",1997,,"",,"E",13,"E","","",""
72,"Djibouti",430,"Okra",1998,,"",,"F",14,"F","","",""
72,"Djibouti",430,"Okra",1999,,"",,"E",10,"E","","",""
72,"Djibouti",430,"Okra",2000,,"",,"",15,"","","",""
72,"Djibouti",430,"Okra",2001,,"",,"E",18,"E","","",""
72,"Djibouti",430,"Okra",2002,,"",,"E",22,"E","","",""
72,"Djibouti",430,"Okra",2003,,"",,"F",17,"F","","",""
72,"Djibouti",430,"Okra",2004,,"",,"E",15,"E","","",""
72,"Djibouti",430,"Okra",2005,,"",,"",19,"","","",""
72,"Djibouti",430,"Okra",2006,,"",,"E",24,"E","","",""
72,"Djibouti",430,"Okra",2007,,"",,"F",20,"F","","",""
72,"Djibouti",430,"Okra",2008,,"",,"E",23,"E","","",""
72,"Djibouti",430,"Okra",2009,,"",,"E",17,"E","","",""
72,"Djibouti",430,"Okra",2010,,"",,"E",18,"E","","",""
72,"Djibouti",430,"Okra",2011,,"",,"E",24,"E","","",""
72,"Djibouti",430,"Okra",2012,,"",,"F",25,"F","","",""
72,"Djibouti",430,"Okra",2013,,"",,"T",25,"T","","",""
76,"Gaza Strip",430,"Okra",1995,0,"M",,"M",0,"M","","",""
76,"Gaza Strip",430,"Okra",1996,0,"M",,"M",0,"M","","",""
76,"Gaza Strip",430,"Okra",1997,0,"M",,"M",0,"M","","",""
76,"Gaza Strip",430,"Okra",1998,0,"M",,"M",0,"M","","",""
76,"Gaza Strip",430,"Okra",1999,0,"M",,"M",0,"M","","",""
76,"Gaza Strip",430,"Okra",2000,0,"M",,"M",0,"M","","",""
76,"Gaza Strip",430,"Okra",2001,0,"M",,"M",0,"M","","",""
76,"Gaza Strip",430,"Okra",2002,0,"M",,"M",0,"M","","",""
76,"Gaza Strip",430,"Okra",2003,0,"M",,"M",0,"M","","",""
76,"Gaza Strip",430,"Okra",2004,0,"M",,"M",0,"M","","",""
76,"Gaza Strip",430,"Okra",2005,0,"M",,"M",0,"M","","",""
76,"Gaza Strip",430,"Okra",2006,0,"M",,"M",0,"M","","",""
76,"Gaza Strip",430,"Okra",2007,0,"M",,"M",0,"M","","",""
76,"Gaza Strip",430,"Okra",2008,0,"M",,"M",0,"M","","",""
76,"Gaza Strip",430,"Okra",2009,0,"M",,"M",0,"M","","",""
76,"Gaza Strip",430,"Okra",2010,0,"M",,"M",0,"M","","",""
76,"Gaza Strip",430,"Okra",2011,0,"M",,"M",0,"M","","",""
76,"Gaza Strip",430,"Okra",2012,0,"M",,"M",0,"M","","",""
76,"Gaza Strip",430,"Okra",2013,0,"M",,"M",0,"M","","",""
81,"Ghana",430,"Okra",1995,27000,"F",5.55555555555556,"F",150000,"F","","",""
81,"Ghana",430,"Okra",1996,28000,"F",7.442,"E",208376,"E","","",""
81,"Ghana",430,"Okra",1997,29388,"E",7.29287464271131,"E",214323,"E","","",""
81,"Ghana",430,"Okra",1998,31047,"E",7.80603600992044,"E",242354,"E","","",""
81,"Ghana",430,"Okra",1999,28865,"E",9.30112593105838,"E",268477,"E","","",""
81,"Ghana",430,"Okra",2000,18000,"",5.55555555555556,"",1e+05,"","","",""
81,"Ghana",430,"Okra",2001,16692,"E",7.36616343158399,"E",122956,"E","","",""
81,"Ghana",430,"Okra",2002,20094,"E",6.40813178063103,"E",128765,"E","","",""
81,"Ghana",430,"Okra",2003,22102,"E",5.69799113202425,"E",125937,"E","","",""
81,"Ghana",430,"Okra",2004,20179,"E",5.94419941523366,"E",119948,"E","","",""
81,"Ghana",430,"Okra",2005,15565,"E",7.26527465467395,"E",113084,"E","","",""
81,"Ghana",430,"Okra",2006,19000,"F",5.52631578947368,"F",105000,"F","","",""
81,"Ghana",430,"Okra",2007,19500,"F",5.53846153846154,"F",108000,"F","","",""
81,"Ghana",430,"Okra",2008,17930,"E",5.00451756832125,"E",89731,"E","","",""
81,"Ghana",430,"Okra",2009,2400,"",19.5833333333333,"",47000,"","","",""
81,"Ghana",430,"Okra",2010,2600,"",19.2307692307692,"",50000,"","","",""
81,"Ghana",430,"Okra",2011,2800,"",19.6428571428571,"",55000,"","","",""
81,"Ghana",430,"Okra",2012,3000,"",20,"",60000,"","","",""
81,"Ghana",430,"Okra",2013,3000,"T",20,"T",60000,"T","","",""
89,"Guatemala",430,"Okra",1995,397,"E",13.3350125944584,"E",5294,"E","","",""
89,"Guatemala",430,"Okra",1996,417,"E",13.3980815347722,"E",5587,"E","","",""
89,"Guatemala",430,"Okra",1997,436,"E",13.4747706422018,"E",5875,"E","","",""
89,"Guatemala",430,"Okra",1998,450,"F",10,"F",4500,"F","","",""
89,"Guatemala",430,"Okra",1999,590,"F",8.47457627118644,"F",5000,"F","","",""
89,"Guatemala",430,"Okra",2000,770,"",7.76623376623377,"",5980,"","","",""
89,"Guatemala",430,"Okra",2001,800,"F",7.5,"F",6000,"F","","",""
89,"Guatemala",430,"Okra",2002,809,"E",7.42398022249691,"E",6006,"E","","",""
89,"Guatemala",430,"Okra",2003,939,"E",7.47603833865815,"E",7020,"E","","",""
89,"Guatemala",430,"Okra",2004,976,"E",6.35655737704918,"E",6204,"E","","",""
89,"Guatemala",430,"Okra",2005,1013,"E",6.65449160908194,"E",6741,"E","","",""
89,"Guatemala",430,"Okra",2006,1004,"E",8.90737051792829,"E",8943,"E","","",""
89,"Guatemala",430,"Okra",2007,850,"F",7.5,"F",6375,"F","","",""
89,"Guatemala",430,"Okra",2008,879,"E",6.84641638225256,"E",6018,"E","","",""
89,"Guatemala",430,"Okra",2009,894,"E",6.88478747203579,"E",6155,"E","","",""
89,"Guatemala",430,"Okra",2010,915,"E",6.45901639344262,"E",5910,"E","","",""
89,"Guatemala",430,"Okra",2011,930,"E",6.51505376344086,"E",6059,"E","","",""
89,"Guatemala",430,"Okra",2012,1000,"F",6.5,"F",6500,"F","","",""
89,"Guatemala",430,"Okra",2013,1000,"T",6.5,"T",6500,"T","","",""
91,"Guyana",430,"Okra",1995,0,"M",,"M",0,"M","","",""
91,"Guyana",430,"Okra",1996,0,"M",,"M",0,"M","","",""
91,"Guyana",430,"Okra",1997,600,"F",7,"F",4200,"F","","",""
91,"Guyana",430,"Okra",1998,620,"F",6.93548387096774,"F",4300,"F","","",""
91,"Guyana",430,"Okra",1999,630,"F",6.98412698412698,"F",4400,"F","","",""
91,"Guyana",430,"Okra",2000,1300,"F",6.98461538461538,"F",9080,"","","",""
91,"Guyana",430,"Okra",2001,600,"F",7,"F",4200,"","","",""
91,"Guyana",430,"Okra",2002,590,"F",6.94915254237288,"F",4100,"F","","",""
91,"Guyana",430,"Okra",2003,540,"F",7.03703703703704,"F",3800,"F","","",""
91,"Guyana",430,"Okra",2004,490,"F",6.93877551020408,"F",3400,"F","","",""
91,"Guyana",430,"Okra",2005,460,"F",6.95652173913043,"F",3200,"F","","",""
91,"Guyana",430,"Okra",2006,340,"F",7.05882352941176,"F",2400,"F","","",""
91,"Guyana",430,"Okra",2007,231,"E",8.31168831168831,"E",1920,"E","","",""
91,"Guyana",430,"Okra",2008,318,"E",6,"E",1908,"E","","",""
91,"Guyana",430,"Okra",2009,700,"F",6.71428571428571,"F",4700,"F","","",""
91,"Guyana",430,"Okra",2010,1000,"F",7.479,"F",7479,"","","",""
91,"Guyana",430,"Okra",2011,300,"F",6.27,"F",1881,"","","",""
91,"Guyana",430,"Okra",2012,400,"F",6.57,"F",2628,"","","",""
91,"Guyana",430,"Okra",2013,500,"F",6.788,"F",3394,"","","",""
100,"India",430,"Okra",1995,420000,"",9.28571428571429,"",3900000,"","","",""
100,"India",430,"Okra",1996,380000,"F",10,"F",3800000,"F","","",""
100,"India",430,"Okra",1997,370000,"F",10,"F",3700000,"F","","",""
100,"India",430,"Okra",1998,320000,"",10.03125,"",3210000,"","","",""
100,"India",430,"Okra",1999,330000,"",10.2424242424242,"",3380000,"","","",""
100,"India",430,"Okra",2000,350000,"",9.77142857142857,"",3420000,"","","",""
100,"India",430,"Okra",2001,350000,"",9.54285714285714,"",3340000,"","","",""
100,"India",430,"Okra",2002,350000,"",9.48571428571429,"",3320000,"","","",""
100,"India",430,"Okra",2003,370000,"",9.54054054054054,"",3530000,"","","",""
100,"India",430,"Okra",2004,353100,"",10.2843387142453,"",3631400,"","","",""
100,"India",430,"Okra",2005,357300,"",9.8303946263644,"",3512400,"","","",""
100,"India",430,"Okra",2006,391800,"",10.1444614599285,"",3974600,"","","",""
100,"India",430,"Okra",2007,396000,"",10.2777777777778,"",4070000,"","","",""
100,"India",430,"Okra",2008,407000,"",10.2678132678133,"",4179000,"","","",""
100,"India",430,"Okra",2009,432000,"",10.4814814814815,"",4528000,"","","",""
100,"India",430,"Okra",2010,452000,"",10.6261061946903,"",4803000,"","","",""
100,"India",430,"Okra",2011,498000,"",11.6144578313253,"",5784000,"","","",""
100,"India",430,"Okra",2012,518000,"",12.0830115830116,"",6259000,"","","",""
100,"India",430,"Okra",2013,531000,"*",11.9585687382298,"*",6350000,"","","",""
103,"Iraq",430,"Okra",1995,18500,"F",8.64864864864865,"F",160000,"F","","",""
103,"Iraq",430,"Okra",1996,18000,"F",8.61111111111111,"F",155000,"F","","",""
103,"Iraq",430,"Okra",1997,18500,"F",8.10810810810811,"F",150000,"F","","",""
103,"Iraq",430,"Okra",1998,19000,"F",8.21052631578947,"F",156000,"F","","",""
103,"Iraq",430,"Okra",1999,13463,"E",8.54192973334324,"E",115000,"F","","",""
103,"Iraq",430,"Okra",2000,16000,"F",5.3125,"F",85000,"F","","",""
103,"Iraq",430,"Okra",2001,15500,"F",6.12903225806452,"F",95000,"F","","",""
103,"Iraq",430,"Okra",2002,16500,"F",6.36363636363636,"F",105000,"F","","",""
103,"Iraq",430,"Okra",2003,16500,"",7.09090909090909,"",117000,"","","",""
103,"Iraq",430,"Okra",2004,21750,"",6.71264367816092,"",146000,"","","",""
103,"Iraq",430,"Okra",2005,19500,"",6.97435897435897,"",136000,"","","",""
103,"Iraq",430,"Okra",2006,25750,"",6.75728155339806,"",174000,"","","",""
103,"Iraq",430,"Okra",2007,22400,"",6.27584821428571,"",140579,"","","",""
103,"Iraq",430,"Okra",2008,20150,"",6.55161290322581,"",132015,"","","",""
103,"Iraq",430,"Okra",2009,20257,"",7.54065261391124,"",152751,"","","",""
103,"Iraq",430,"Okra",2010,19534,"",7.7413228217467,"",151219,"","","",""
103,"Iraq",430,"Okra",2011,19859,"",7.95679540762375,"",158014,"","","",""
103,"Iraq",430,"Okra",2012,17620,"",7.40902383654938,"",130547,"","","",""
103,"Iraq",430,"Okra",2013,18361,"",7.75605903817875,"",142409,"","","",""
107,"C?te dIvoire",430,"Okra",1995,48000,"F",2.5,"F",120000,"F","","",""
107,"C?te dIvoire",430,"Okra",1996,66244,"E",2.21854054706841,"E",146965,"E","","",""
107,"C?te dIvoire",430,"Okra",1997,70153,"E",1.34299317206677,"E",94215,"","","",""
107,"C?te dIvoire",430,"Okra",1998,52000,"F",1.70832692307692,"F",88833,"","","",""
107,"C?te dIvoire",430,"Okra",1999,48346,"E",1.8768667521615,"E",90739,"","","",""
107,"C?te dIvoire",430,"Okra",2000,53605,"E",1.7290364704785,"E",92685,"","","",""
107,"C?te dIvoire",430,"Okra",2001,56000,"F",2.49226785714286,"F",139567,"","","",""
107,"C?te dIvoire",430,"Okra",2002,57000,"F",2.4999649122807,"F",142498,"","","",""
107,"C?te dIvoire",430,"Okra",2003,40000,"F",2.47335,"F",98934,"","","",""
107,"C?te dIvoire",430,"Okra",2004,41000,"F",2.4929512195122,"F",102211,"","","",""
107,"C?te dIvoire",430,"Okra",2005,42300,"F",2.4963829787234,"F",105597,"","","",""
107,"C?te dIvoire",430,"Okra",2006,43000,"F",2.53679069767442,"F",109082,"","","",""
107,"C?te dIvoire",430,"Okra",2007,45000,"F",2.50082222222222,"F",112537,"","","",""
107,"C?te dIvoire",430,"Okra",2008,46000,"F",2.51984782608696,"F",115913,"","","",""
107,"C?te dIvoire",430,"Okra",2009,48000,"F",2.52952083333333,"F",121417,"","","",""
107,"C?te dIvoire",430,"Okra",2010,47000,"F",2.67548936170213,"F",125748,"","","",""
107,"C?te dIvoire",430,"Okra",2011,49000,"F",2.64477551020408,"F",129594,"","","",""
107,"C?te dIvoire",430,"Okra",2012,50000,"F",2.6852,"F",134260,"","","",""
107,"C?te dIvoire",430,"Okra",2013,50000,"T",2.6852,"T",134260,"T","","",""
109,"Jamaica",430,"Okra",1995,311,"",6.43086816720257,"F",2000,"F","","",""
109,"Jamaica",430,"Okra",1996,369,"",6.50406504065041,"F",2400,"F","","",""
109,"Jamaica",430,"Okra",1997,300,"",6.70666666666667,"",2012,"","","",""
109,"Jamaica",430,"Okra",1998,306,"",7.16993464052288,"",2194,"","","",""
109,"Jamaica",430,"Okra",1999,392,"",7.74234693877551,"",3035,"","","",""
109,"Jamaica",430,"Okra",2000,349,"",7.68481375358166,"",2682,"","","",""
109,"Jamaica",430,"Okra",2001,326,"",8.37116564417178,"",2729,"","","",""
109,"Jamaica",430,"Okra",2002,301,"",8.15614617940199,"",2455,"","","",""
109,"Jamaica",430,"Okra",2003,338,"",9.05029585798817,"",3059,"","","",""
109,"Jamaica",430,"Okra",2004,278,"",9.34892086330935,"",2599,"","","",""
109,"Jamaica",430,"Okra",2005,321,"",9.41121495327103,"",3021,"","","",""
109,"Jamaica",430,"Okra",2006,404.1,"",9.03662459787181,"",3651.7,"","","",""
109,"Jamaica",430,"Okra",2007,369,"",9.15718157181572,"",3379,"","","",""
109,"Jamaica",430,"Okra",2008,385,"",8.91428571428571,"",3432,"","","",""
109,"Jamaica",430,"Okra",2009,474,"",9.23417721518987,"",4377,"","","",""
109,"Jamaica",430,"Okra",2010,480,"",8.75416666666667,"",4202,"","","",""
109,"Jamaica",430,"Okra",2011,559,"",9.86225402504472,"",5513,"","","",""
109,"Jamaica",430,"Okra",2012,634,"",10.006309148265,"",6344,"","","",""
109,"Jamaica",430,"Okra",2013,661,"",10.1376701966717,"",6701,"","","",""
112,"Jordan",430,"Okra",1995,782,"",3.43350383631714,"",2685,"","","",""
112,"Jordan",430,"Okra",1996,687,"",3.04949053857351,"",2095,"","","",""
112,"Jordan",430,"Okra",1997,1011,"",2.81107814045499,"",2842,"","","",""
112,"Jordan",430,"Okra",1998,944,"",2.85699152542373,"",2697,"","","",""
112,"Jordan",430,"Okra",1999,587,"",3.34241908006814,"",1962,"","","",""
112,"Jordan",430,"Okra",2000,1003,"",5.85144566301097,"",5869,"","","",""
112,"Jordan",430,"Okra",2001,488,"",10.5819672131148,"",5164,"","","",""
112,"Jordan",430,"Okra",2002,817,"",18.9596083231334,"",15490,"","","",""
112,"Jordan",430,"Okra",2003,536,"",11.7742537313433,"",6311,"","","",""
112,"Jordan",430,"Okra",2004,620,"",13.9790322580645,"",8667,"","","",""
112,"Jordan",430,"Okra",2005,879,"",8.14903299203641,"",7163,"","","",""
112,"Jordan",430,"Okra",2006,965,"",4.46010362694301,"",4304,"","","",""
112,"Jordan",430,"Okra",2007,879,"",6.43003412969283,"",5652,"","","",""
112,"Jordan",430,"Okra",2008,962,"",5.76923076923077,"",5550,"","","",""
112,"Jordan",430,"Okra",2009,1273,"",4.85781618224666,"",6184,"","","",""
112,"Jordan",430,"Okra",2010,1043,"",6.53307766059444,"",6814,"","","",""
112,"Jordan",430,"Okra",2011,686,"",12.5655976676385,"",8620,"","","",""
112,"Jordan",430,"Okra",2012,1280,"",4.57421875,"",5855,"","","",""
112,"Jordan",430,"Okra",2013,1280,"T",4.57421875,"T",5855,"T","","",""
114,"Kenya",430,"Okra",1995,1791,"",2.05527638190955,"",3681,"","","",""
114,"Kenya",430,"Okra",1996,485,"",5.15876288659794,"",2502,"","","",""
114,"Kenya",430,"Okra",1997,873,"",6.56471935853379,"",5731,"","","",""
114,"Kenya",430,"Okra",1998,709,"",5.72355430183357,"",4058,"","","",""
114,"Kenya",430,"Okra",1999,696,"",4.09626436781609,"",2851,"","","",""
114,"Kenya",430,"Okra",2000,687,"",4.38427947598253,"",3012,"","","",""
114,"Kenya",430,"Okra",2001,814,"",4.97788697788698,"",4052,"","","",""
114,"Kenya",430,"Okra",2002,671,"",5.07004470938897,"",3402,"","","",""
114,"Kenya",430,"Okra",2003,794,"",6.20277078085642,"",4925,"","","",""
114,"Kenya",430,"Okra",2004,800,"F",6.25,"F",5000,"F","","",""
114,"Kenya",430,"Okra",2005,863,"",8,"",6904,"","","",""
114,"Kenya",430,"Okra",2006,834,"",8,"",6672,"","","",""
114,"Kenya",430,"Okra",2007,548,"",8,"",4384,"","","",""
114,"Kenya",430,"Okra",2008,800,"F",6.28,"F",5024,"","","",""
114,"Kenya",430,"Okra",2009,392,"",8.05612244897959,"",3158,"","","",""
114,"Kenya",430,"Okra",2010,383,"",8.71801566579635,"",3339,"","","",""
114,"Kenya",430,"Okra",2011,484,"",11.9814049586777,"",5799,"","","",""
114,"Kenya",430,"Okra",2012,437,"",12.649885583524,"",5528,"","","",""
114,"Kenya",430,"Okra",2013,480,"F",12.0375,"F",5778,"","","",""
118,"Kuwait",430,"Okra",1995,185,"F",16.1081081081081,"F",2980,"","","",""
118,"Kuwait",430,"Okra",1996,262,"",11.3702290076336,"",2979,"","","",""
118,"Kuwait",430,"Okra",1997,266,"",11.4548872180451,"",3047,"","","",""
118,"Kuwait",430,"Okra",1998,270,"F",11.5037037037037,"F",3106,"","","",""
118,"Kuwait",430,"Okra",1999,200,"F",11.21,"F",2242,"","","",""
118,"Kuwait",430,"Okra",2000,220,"F",11.2090909090909,"F",2466,"","","",""
118,"Kuwait",430,"Okra",2001,215,"F",11.1627906976744,"F",2400,"F","","",""
118,"Kuwait",430,"Okra",2002,210,"E",11.5142857142857,"E",2418,"E","","",""
118,"Kuwait",430,"Okra",2003,237,"E",11.9367088607595,"E",2829,"E","","",""
118,"Kuwait",430,"Okra",2004,220,"F",11.1363636363636,"F",2450,"F","","",""
118,"Kuwait",430,"Okra",2005,238,"E",10.5042016806723,"E",2500,"F","","",""
118,"Kuwait",430,"Okra",2006,330,"",13.1515151515152,"",4340,"","","",""
118,"Kuwait",430,"Okra",2007,330,"",13.1515151515152,"",4340,"","","",""
118,"Kuwait",430,"Okra",2008,330,"",13.1515151515152,"",4340,"","","",""
118,"Kuwait",430,"Okra",2009,341.4,"",13.2665495020504,"",4529.2,"","","",""
118,"Kuwait",430,"Okra",2010,372.9,"",13.3400375435774,"",4974.5,"","","",""
118,"Kuwait",430,"Okra",2011,365,"E",13.9945205479452,"E",5108,"E","","",""
118,"Kuwait",430,"Okra",2012,380,"F",14.4736842105263,"F",5500,"F","","",""
118,"Kuwait",430,"Okra",2013,380,"T",14.4736842105263,"T",5500,"T","","",""
121,"Lebanon",430,"Okra",1995,1500,"F",7.33333333333333,"F",11000,"F","","",""
121,"Lebanon",430,"Okra",1996,1672,"",7.66327751196172,"",12813,"","","",""
121,"Lebanon",430,"Okra",1997,900,"F",5.55555555555556,"F",5000,"F","","",""
121,"Lebanon",430,"Okra",1998,400,"",4.25,"",1700,"","","",""
121,"Lebanon",430,"Okra",1999,300,"",3.66666666666667,"",1100,"","","",""
121,"Lebanon",430,"Okra",2000,335,"",3.28358208955224,"",1100,"","","",""
121,"Lebanon",430,"Okra",2001,293,"",4.43686006825939,"",1300,"","","",""
121,"Lebanon",430,"Okra",2002,1045,"",2.48803827751196,"",2600,"","","",""
121,"Lebanon",430,"Okra",2003,1468,"",3.26975476839237,"",4800,"","","",""
121,"Lebanon",430,"Okra",2004,1260,"",2.14285714285714,"",2700,"","","",""
121,"Lebanon",430,"Okra",2005,1300,"",2.23076923076923,"",2900,"","","",""
121,"Lebanon",430,"Okra",2006,1047,"",2.19675262655205,"",2300,"","","",""
121,"Lebanon",430,"Okra",2007,1238,"",2.26171243941842,"",2800,"","","",""
121,"Lebanon",430,"Okra",2008,1240,"",2.25806451612903,"",2800,"","","",""
121,"Lebanon",430,"Okra",2009,1070,"",2.24299065420561,"",2400,"","","",""
121,"Lebanon",430,"Okra",2010,492,"",2.33739837398374,"F",1150,"F","","",""
121,"Lebanon",430,"Okra",2011,500,"F",2.2,"F",1100,"F","","",""
121,"Lebanon",430,"Okra",2012,500,"F",2.4,"F",1200,"F","","",""
121,"Lebanon",430,"Okra",2013,500,"T",2.4,"T",1200,"T","","",""
131,"Malaysia",430,"Okra",1995,490,"F",10.2040816326531,"F",5000,"F","","",""
131,"Malaysia",430,"Okra",1996,730,"F",10.2739726027397,"F",7500,"F","","",""
131,"Malaysia",430,"Okra",1997,730,"F",10.2739726027397,"F",7500,"F","","",""
131,"Malaysia",430,"Okra",1998,730,"F",10.2739726027397,"F",7500,"F","","",""
131,"Malaysia",430,"Okra",1999,970,"F",10.3092783505155,"F",10000,"F","","",""
131,"Malaysia",430,"Okra",2000,970,"F",10.3092783505155,"F",10000,"F","","",""
131,"Malaysia",430,"Okra",2001,970,"F",10.3092783505155,"F",10000,"F","","",""
131,"Malaysia",430,"Okra",2002,1210,"F",10.3305785123967,"F",12500,"F","","",""
131,"Malaysia",430,"Okra",2003,1210,"F",10.3305785123967,"F",12500,"F","","",""
131,"Malaysia",430,"Okra",2004,1210,"F",10.3305785123967,"F",12500,"F","","",""
131,"Malaysia",430,"Okra",2005,1450,"F",10.3448275862069,"F",15000,"F","","",""
131,"Malaysia",430,"Okra",2006,1450,"F",10.3448275862069,"F",15000,"F","","",""
131,"Malaysia",430,"Okra",2007,1450,"F",10.3448275862069,"F",15000,"F","","",""
131,"Malaysia",430,"Okra",2008,1527,"",11.6948264571054,"",17858,"","","",""
131,"Malaysia",430,"Okra",2009,1702,"",15.1227967097532,"",25739,"","","",""
131,"Malaysia",430,"Okra",2010,2295,"",11.4453159041394,"",26267,"","","",""
131,"Malaysia",430,"Okra",2011,2350,"",12.2855319148936,"",28871,"","","",""
131,"Malaysia",430,"Okra",2012,2157,"",12.8233657858136,"",27660,"","","",""
131,"Malaysia",430,"Okra",2013,2168,"",12.8219557195572,"",27798,"","","",""
137,"Mauritius",430,"Okra",1995,90,"F",6.11111111111111,"F",550,"F","","",""
137,"Mauritius",430,"Okra",1996,94,"E",5.42553191489362,"E",510,"E","","",""
137,"Mauritius",430,"Okra",1997,95,"F",6.31578947368421,"F",600,"F","","",""
137,"Mauritius",430,"Okra",1998,110,"F",6.36363636363636,"F",700,"F","","",""
137,"Mauritius",430,"Okra",1999,130,"F",6.53846153846154,"F",850,"F","","",""
137,"Mauritius",430,"Okra",2000,154,"E",7.13636363636364,"E",1099,"E","","",""
137,"Mauritius",430,"Okra",2001,140,"F",6.42857142857143,"F",900,"F","","",""
137,"Mauritius",430,"Okra",2002,145,"F",6.41379310344828,"F",930,"F","","",""
137,"Mauritius",430,"Okra",2003,172,"E",5.59302325581395,"E",962,"E","","",""
137,"Mauritius",430,"Okra",2004,150,"F",6.33333333333333,"F",950,"F","","",""
137,"Mauritius",430,"Okra",2005,152,"",6.34210526315789,"",964,"","","",""
137,"Mauritius",430,"Okra",2006,164,"",8.23780487804878,"",1351,"","","",""
137,"Mauritius",430,"Okra",2007,177,"",5.85310734463277,"",1036,"","","",""
137,"Mauritius",430,"Okra",2008,158,"",8.0379746835443,"",1270,"","","",""
137,"Mauritius",430,"Okra",2009,174,"",8.72988505747126,"",1519,"","","",""
137,"Mauritius",430,"Okra",2010,210,"",7.58095238095238,"",1592,"","","",""
137,"Mauritius",430,"Okra",2011,153,"",5.94117647058824,"",909,"","","",""
137,"Mauritius",430,"Okra",2012,155,"",6.45806451612903,"",1001,"","","",""
137,"Mauritius",430,"Okra",2013,155,"T",6.45806451612903,"T",1001,"T","","",""
138,"Mexico",430,"Okra",1995,4304,"",6.33852230483271,"",27281,"","","",""
138,"Mexico",430,"Okra",1996,2182,"",5.9179651695692,"",12913,"","","",""
138,"Mexico",430,"Okra",1997,4448,"",6.59375,"",29329,"","","",""
138,"Mexico",430,"Okra",1998,5848,"",5.69186046511628,"",33286,"","","",""
138,"Mexico",430,"Okra",1999,4470,"",7.01543624161074,"",31359,"","","",""
138,"Mexico",430,"Okra",2000,6765,"",6.22956393200296,"",42143,"","","",""
138,"Mexico",430,"Okra",2001,3159,"",6.91769547325103,"",21853,"","","",""
138,"Mexico",430,"Okra",2002,5303,"",6.30812747501414,"",33452,"","","",""
138,"Mexico",430,"Okra",2003,3004,"",8.14513981358189,"",24468,"","","",""
138,"Mexico",430,"Okra",2004,3695,"",7.2424898511502,"",26761,"","","",""
138,"Mexico",430,"Okra",2005,2614,"",7.24560061208875,"",18940,"","","",""
138,"Mexico",430,"Okra",2006,4561,"",8.24994518745889,"",37628,"","","",""
138,"Mexico",430,"Okra",2007,3106,"",11.5730843528654,"",35946,"","","",""
138,"Mexico",430,"Okra",2008,4277,"",8.34954407294833,"",35711,"","","",""
138,"Mexico",430,"Okra",2009,3546,"",8.08544839255499,"",28671,"","","",""
138,"Mexico",430,"Okra",2010,2394,"",7.70551378446115,"",18447,"","","",""
138,"Mexico",430,"Okra",2011,3020,"",8.82980132450331,"",26666,"","","",""
138,"Mexico",430,"Okra",2012,3031,"",8.64731111844276,"",26210,"","","",""
138,"Mexico",430,"Okra",2013,3031,"T",8.64731111844276,"T",26210,"T","","",""
159,"Nigeria",430,"Okra",1995,450212,"E",1.39934075502208,"E",630000,"F","","",""
159,"Nigeria",430,"Okra",1996,621330,"E",1.04614295141068,"E",650000,"F","","",""
159,"Nigeria",430,"Okra",1997,245000,"F",2.49795918367347,"F",612000,"","","",""
159,"Nigeria",430,"Okra",1998,255000,"F",2.50196078431373,"F",638000,"","","",""
159,"Nigeria",430,"Okra",1999,275000,"F",2.61454545454545,"F",719000,"","","",""
159,"Nigeria",430,"Okra",2000,304915,"E",2.40497515701097,"E",733313,"E","","",""
159,"Nigeria",430,"Okra",2001,282751,"E",2.62965294552451,"E",743537,"E","","",""
159,"Nigeria",430,"Okra",2002,285000,"F",2.63157894736842,"F",750000,"F","","",""
159,"Nigeria",430,"Okra",2003,3e+05,"F",2.7,"F",810000,"F","","",""
159,"Nigeria",430,"Okra",2004,330000,"F",2.63636363636364,"F",870000,"F","","",""
159,"Nigeria",430,"Okra",2005,350000,"F",2.71428571428571,"F",950000,"F","","",""
159,"Nigeria",430,"Okra",2006,370000,"F",2.7027027027027,"F",1e+06,"F","","",""
159,"Nigeria",430,"Okra",2007,430000,"F",2.97674418604651,"F",1280000,"","","",""
159,"Nigeria",430,"Okra",2008,387000,"",2.68475452196382,"",1039000,"","","",""
159,"Nigeria",430,"Okra",2009,390000,"F",2.69230769230769,"F",1050000,"F","","",""
159,"Nigeria",430,"Okra",2010,397290,"",2.72752900903622,"",1083620,"","","",""
159,"Nigeria",430,"Okra",2011,376570,"",2.81652813553921,"",1060620,"","","",""
159,"Nigeria",430,"Okra",2012,385000,"F",2.85714285714286,"F",1100000,"F","","",""
159,"Nigeria",430,"Okra",2013,385000,"T",2.85714285714286,"T",1100000,"T","","",""
165,"Pakistan",430,"Okra",1995,11345,"",8.53177611282503,"",96793,"","","",""
165,"Pakistan",430,"Okra",1996,12075,"",8.75610766045549,"",105730,"","","",""
165,"Pakistan",430,"Okra",1997,12405,"",8.77186618299073,"",108815,"","","",""
165,"Pakistan",430,"Okra",1998,13077,"",8.87321251051464,"",116035,"","","",""
165,"Pakistan",430,"Okra",1999,13447,"",8.93857365955232,"",120197,"","","",""
165,"Pakistan",430,"Okra",2000,13148,"",7.65393976270155,"",100634,"","","",""
165,"Pakistan",430,"Okra",2001,12884,"",7.80324433405775,"",100537,"","","",""
165,"Pakistan",430,"Okra",2002,13443,"",7.66889831138883,"",103093,"","","",""
165,"Pakistan",430,"Okra",2003,12921,"",7.70745298351521,"",99588,"","","",""
165,"Pakistan",430,"Okra",2004,13833,"",7.71502927781392,"",106722,"","","",""
165,"Pakistan",430,"Okra",2005,14384,"",7.59447997775306,"",109239,"","","",""
165,"Pakistan",430,"Okra",2006,14780,"",7.54837618403248,"",111565,"","","",""
165,"Pakistan",430,"Okra",2007,14996,"",6.91244331821819,"",103659,"","","",""
165,"Pakistan",430,"Okra",2008,15081,"",7.60274517604933,"",114657,"","","",""
165,"Pakistan",430,"Okra",2009,15179,"",7.64846169049344,"",116096,"","","",""
165,"Pakistan",430,"Okra",2010,14148,"",7.59492507774951,"",107453,"","","",""
165,"Pakistan",430,"Okra",2011,13919,"",7.36956677922265,"",102577,"","","",""
165,"Pakistan",430,"Okra",2012,14000,"F",7.71428571428571,"F",108000,"F","","",""
165,"Pakistan",430,"Okra",2013,14000,"T",7.71428571428571,"T",108000,"T","","",""
171,"Philippines",430,"Okra",1995,2861,"",10.0964697658161,"",28886,"","","",""
171,"Philippines",430,"Okra",1996,2842,"",10.6808585503167,"",30355,"","","",""
171,"Philippines",430,"Okra",1997,2939,"",10.5508676420551,"",31009,"","","",""
171,"Philippines",430,"Okra",1998,2414,"",9.94490472245236,"",24007,"","","",""
171,"Philippines",430,"Okra",1999,2729,"",9.22462440454379,"",25174,"","","",""
171,"Philippines",430,"Okra",2000,2907,"",8.75541795665635,"",25452,"","","",""
171,"Philippines",430,"Okra",2001,2972,"",8.46567967698519,"",25160,"","","",""
171,"Philippines",430,"Okra",2002,3024,"",8.35119047619048,"",25254,"","","",""
171,"Philippines",430,"Okra",2003,3018,"",7.6182902584493,"",22992,"","","",""
171,"Philippines",430,"Okra",2004,3121,"",7.9823774431272,"",24913,"","","",""
171,"Philippines",430,"Okra",2005,3138,"",8.27214786488209,"",25958,"","","",""
171,"Philippines",430,"Okra",2006,3211,"",8.3179694799128,"",26709,"","","",""
171,"Philippines",430,"Okra",2007,3287,"",8.48372376026772,"",27886,"","","",""
171,"Philippines",430,"Okra",2008,3488,"",8.45326834862385,"",29485,"","","",""
171,"Philippines",430,"Okra",2009,3555,"",8.35724331926864,"",29710,"","","",""
171,"Philippines",430,"Okra",2010,3571,"",7.3301596191543,"",26176,"","","",""
171,"Philippines",430,"Okra",2011,3497,"",8.3297111810123,"",29129,"","","",""
171,"Philippines",430,"Okra",2012,3568,"",8.34276905829596,"",29767,"","","",""
171,"Philippines",430,"Okra",2013,3586,"",8.39793641940881,"",30115,"","","",""
177,"Puerto Rico",430,"Okra",1995,0,"M",,"M",0,"M","","",""
177,"Puerto Rico",430,"Okra",1996,0,"M",,"M",0,"M","","",""
177,"Puerto Rico",430,"Okra",1997,0,"M",,"M",0,"M","","",""
177,"Puerto Rico",430,"Okra",1998,0,"M",,"M",0,"M","","",""
177,"Puerto Rico",430,"Okra",1999,0,"M",,"M",0,"M","","",""
177,"Puerto Rico",430,"Okra",2000,0,"M",,"M",0,"M","","",""
177,"Puerto Rico",430,"Okra",2001,0,"M",,"M",0,"M","","",""
177,"Puerto Rico",430,"Okra",2002,0,"M",,"M",0,"M","","",""
177,"Puerto Rico",430,"Okra",2003,60,"",2.3,"",138,"","","",""
177,"Puerto Rico",430,"Okra",2004,60,"",2.3,"",138,"","","",""
177,"Puerto Rico",430,"Okra",2005,41,"",2.31707317073171,"",95,"","","",""
177,"Puerto Rico",430,"Okra",2006,52,"E",2.17307692307692,"E",113,"E","","",""
177,"Puerto Rico",430,"Okra",2007,45,"F",2.44444444444444,"F",110,"F","","",""
177,"Puerto Rico",430,"Okra",2008,47,"E",2.38297872340426,"E",112,"E","","",""
177,"Puerto Rico",430,"Okra",2009,58,"E",2.17241379310345,"E",126,"E","","",""
177,"Puerto Rico",430,"Okra",2010,59,"E",2.08474576271186,"E",123,"E","","",""
177,"Puerto Rico",430,"Okra",2011,69,"E",2.30434782608696,"E",159,"E","","",""
177,"Puerto Rico",430,"Okra",2012,70,"F",2.35714285714286,"F",165,"F","","",""
177,"Puerto Rico",430,"Okra",2013,70,"T",2.35714285714286,"T",165,"T","","",""
179,"Qatar",430,"Okra",1995,109,"",4.00917431192661,"",437,"","","",""
179,"Qatar",430,"Okra",1996,172,"",4,"",688,"","","",""
179,"Qatar",430,"Okra",1997,203,"",4,"",812,"","","",""
179,"Qatar",430,"Okra",1998,150,"",4.00666666666667,"",601,"","","",""
179,"Qatar",430,"Okra",1999,159,"",4.25786163522013,"",677,"","","",""
179,"Qatar",430,"Okra",2000,163,"",5.09815950920245,"",831,"","","",""
179,"Qatar",430,"Okra",2001,61,"",4.01639344262295,"",245,"","","",""
179,"Qatar",430,"Okra",2002,61,"",4.01639344262295,"",245,"","","",""
179,"Qatar",430,"Okra",2003,70,"",4,"",280,"","","",""
179,"Qatar",430,"Okra",2004,65,"",3.89230769230769,"",253,"","","",""
179,"Qatar",430,"Okra",2005,70,"",4.02857142857143,"",282,"","","",""
179,"Qatar",430,"Okra",2006,89,"",4.58426966292135,"",408,"","","",""
179,"Qatar",430,"Okra",2007,126,"",4.36507936507936,"",550,"","","",""
179,"Qatar",430,"Okra",2008,130,"",4.23076923076923,"",550,"","","",""
179,"Qatar",430,"Okra",2009,76,"",4,"",304,"","","",""
179,"Qatar",430,"Okra",2010,90,"",5.44444444444444,"",490,"","","",""
179,"Qatar",430,"Okra",2011,75,"",4,"",300,"","","",""
179,"Qatar",430,"Okra",2012,64,"",4.015625,"",257,"","","",""
179,"Qatar",430,"Okra",2013,64,"T",4.015625,"T",257,"T","","",""
194,"Saudi Arabia",430,"Okra",1995,10889,"",5.13049866838093,"",55866,"","","",""
194,"Saudi Arabia",430,"Okra",1996,10602,"",5.11092246745897,"",54186,"","","",""
194,"Saudi Arabia",430,"Okra",1997,10880,"",5.28446691176471,"",57495,"","","",""
194,"Saudi Arabia",430,"Okra",1998,9500,"",4.33768421052632,"",41208,"","","",""
194,"Saudi Arabia",430,"Okra",1999,6660,"",7.50750750750751,"",50000,"","","",""
194,"Saudi Arabia",430,"Okra",2000,6568,"",7.99923873325213,"",52539,"","","",""
194,"Saudi Arabia",430,"Okra",2001,5682,"",7.19253783878916,"",40868,"","","",""
194,"Saudi Arabia",430,"Okra",2002,5203,"",8.80895637132424,"",45833,"","","",""
194,"Saudi Arabia",430,"Okra",2003,5024,"",9.60828025477707,"",48272,"","","",""
194,"Saudi Arabia",430,"Okra",2004,4343,"",11.938291503569,"",51848,"","","",""
194,"Saudi Arabia",430,"Okra",2005,4019,"",11.5364518536949,"",46365,"","","",""
194,"Saudi Arabia",430,"Okra",2006,4400,"",13.1590909090909,"",57900,"","","",""
194,"Saudi Arabia",430,"Okra",2007,4200,"",13.0952380952381,"",55000,"","","",""
194,"Saudi Arabia",430,"Okra",2008,3834,"",13.6591027647366,"",52369,"","","",""
194,"Saudi Arabia",430,"Okra",2009,4446,"",13.6959064327485,"",60892,"","","",""
194,"Saudi Arabia",430,"Okra",2010,4430,"",11.93769751693,"",52884,"","","",""
194,"Saudi Arabia",430,"Okra",2011,4004,"",13.3686313686314,"",53528,"","","",""
194,"Saudi Arabia",430,"Okra",2012,4000,"F",12.875,"F",51500,"F","","",""
194,"Saudi Arabia",430,"Okra",2013,4000,"T",12.875,"T",51500,"T","","",""
195,"Senegal",430,"Okra",1995,0,"M",,"M",0,"M","","",""
195,"Senegal",430,"Okra",1996,0,"M",,"M",0,"M","","",""
195,"Senegal",430,"Okra",1997,0,"M",,"M",0,"M","","",""
195,"Senegal",430,"Okra",1998,0,"M",,"M",0,"M","","",""
195,"Senegal",430,"Okra",1999,0,"M",,"M",0,"M","","",""
195,"Senegal",430,"Okra",2000,3438,"",8.27894124490983,"",28463,"","","",""
195,"Senegal",430,"Okra",2001,2392,"",9.94230769230769,"",23782,"","","",""
195,"Senegal",430,"Okra",2002,2521,"",8.27330424434748,"",20857,"","","",""
195,"Senegal",430,"Okra",2003,4617,"",9.21594108728612,"",42550,"","","",""
195,"Senegal",430,"Okra",2004,4689,"",9.44359138409042,"",44281,"","","",""
195,"Senegal",430,"Okra",2005,1945,"",11.2365038560411,"",21855,"","","",""
195,"Senegal",430,"Okra",2006,2533,"",10.249111725227,"",25961,"","","",""
195,"Senegal",430,"Okra",2007,1005,"",11.7761194029851,"",11835,"","","",""
195,"Senegal",430,"Okra",2008,1842,"",12.5515743756786,"",23120,"","","",""
195,"Senegal",430,"Okra",2009,1853,"",7.94171613599568,"",14716,"","","",""
195,"Senegal",430,"Okra",2010,531,"",30.7344632768362,"",16320,"","","",""
195,"Senegal",430,"Okra",2011,587,"",22.7257240204429,"",13340,"","","",""
195,"Senegal",430,"Okra",2012,650,"F",23.0769230769231,"F",15000,"","","",""
195,"Senegal",430,"Okra",2013,960,"",24.6989583333333,"",23711,"","","",""
206,"Sudan",430,"Okra",1995,10000,"F",8,"F",80000,"F","","",""
206,"Sudan",430,"Okra",1996,12500,"F",8,"F",1e+05,"F","","",""
206,"Sudan",430,"Okra",1997,16000,"F",8.125,"F",130000,"F","","",""
206,"Sudan",430,"Okra",1998,19000,"F",7.89473684210526,"F",150000,"F","","",""
206,"Sudan",430,"Okra",1999,21000,"F",8.09523809523809,"F",170000,"F","","",""
206,"Sudan",430,"Okra",2000,25000,"F",8,"F",2e+05,"F","","",""
206,"Sudan",430,"Okra",2001,27000,"F",8.14814814814815,"F",220000,"F","","",""
206,"Sudan",430,"Okra",2002,23000,"F",10.4347826086957,"F",240000,"F","","",""
206,"Sudan",430,"Okra",2003,23529,"",11.0926941221471,"",261000,"","","",""
206,"Sudan",430,"Okra",2004,25210,"",9.52003173343911,"",240000,"","","",""
206,"Sudan",430,"Okra",2005,24373,"",6.89287326139581,"",168000,"","","",""
206,"Sudan",430,"Okra",2006,23529,"",7.14012495218666,"",168000,"","","",""
206,"Sudan",430,"Okra",2007,20882,"",10.3893305238962,"",216950,"","","",""
206,"Sudan",430,"Okra",2008,20328,"",12.2491145218418,"",249000,"","","",""
206,"Sudan",430,"Okra",2009,20916,"",12.0481927710843,"",252000,"","","",""
206,"Sudan",430,"Okra",2010,21504,"",11.9047619047619,"",256000,"","","",""
206,"Sudan",430,"Okra",2011,21504,"",11.9559151785714,"",257100,"","","",""
206,"Sudan",430,"Okra",2012,22092,"",11.9047619047619,"",263000,"","","",""
206,"Sudan",430,"Okra",2013,22114,"",11.9048114316722,"",263263,"","","",""
212,"Syria",430,"Okra",1995,4254,"",2.96473906911142,"",12612,"","","",""
212,"Syria",430,"Okra",1996,3824,"",2.73770920502092,"",10469,"","","",""
212,"Syria",430,"Okra",1997,4882,"",2.78902089307661,"",13616,"","","",""
212,"Syria",430,"Okra",1998,6704,"",2.54907517899761,"",17089,"","","",""
212,"Syria",430,"Okra",1999,3460,"",3.37687861271676,"",11684,"","","",""
212,"Syria",430,"Okra",2000,3842,"",2.99062988027069,"",11490,"","","",""
212,"Syria",430,"Okra",2001,4500,"",2.84444444444444,"",12800,"","","",""
212,"Syria",430,"Okra",2002,3700,"",3.3,"",12210,"","","",""
212,"Syria",430,"Okra",2003,5700,"",3.54385964912281,"",20200,"","","",""
212,"Syria",430,"Okra",2004,5800,"",3.72413793103448,"",21600,"","","",""
212,"Syria",430,"Okra",2005,4700,"",3.38297872340426,"",15900,"","","",""
212,"Syria",430,"Okra",2006,6860,"",3.21428571428571,"",22050,"","","",""
212,"Syria",430,"Okra",2007,5430,"",2.8158379373849,"",15290,"","","",""
212,"Syria",430,"Okra",2008,6300,"",3.19047619047619,"",20100,"","","",""
212,"Syria",430,"Okra",2009,5124,"",2.69555035128806,"",13812,"","","",""
212,"Syria",430,"Okra",2010,4724,"",3.27074513124471,"",15451,"","","",""
212,"Syria",430,"Okra",2011,4234,"",3.44992914501653,"",14607,"","","",""
212,"Syria",430,"Okra",2012,3296,"",2.12196601941748,"",6994,"","","",""
212,"Syria",430,"Okra",2013,3296,"T",2.12196601941748,"T",6994,"T","","",""
220,"Trinidad Tob",430,"Okra",1995,0,"M",,"M",0,"M","","",""
220,"Trinidad Tob",430,"Okra",1996,0,"M",,"M",0,"M","","",""
220,"Trinidad Tob",430,"Okra",1997,0,"M",,"M",0,"M","","",""
220,"Trinidad Tob",430,"Okra",1998,0,"M",,"M",0,"M","","",""
220,"Trinidad Tob",430,"Okra",1999,0,"M",,"M",0,"M","","",""
220,"Trinidad Tob",430,"Okra",2000,0,"M",,"M",0,"M","","",""
220,"Trinidad Tob",430,"Okra",2001,0,"M",,"M",0,"M","","",""
220,"Trinidad Tob",430,"Okra",2002,0,"M",,"M",0,"M","","",""
220,"Trinidad Tob",430,"Okra",2003,0,"M",,"M",0,"M","","",""
220,"Trinidad Tob",430,"Okra",2004,0,"M",,"M",0,"M","","",""
220,"Trinidad Tob",430,"Okra",2005,0,"M",,"M",0,"M","","",""
220,"Trinidad Tob",430,"Okra",2006,0,"M",,"M",0,"M","","",""
220,"Trinidad Tob",430,"Okra",2007,482.8,"",1.15368682684341,"",557,"","","",""
220,"Trinidad Tob",430,"Okra",2008,701.1,"",1.04692625873627,"",734,"","","",""
220,"Trinidad Tob",430,"Okra",2009,569,"",1.03339191564148,"",588,"","","",""
220,"Trinidad Tob",430,"Okra",2010,368,"",2.53804347826087,"",934,"","","",""
220,"Trinidad Tob",430,"Okra",2011,623,"",2.24719101123596,"",1400,"","","",""
220,"Trinidad Tob",430,"Okra",2012,521,"",2.70249520153551,"",1408,"","","",""
220,"Trinidad Tob",430,"Okra",2013,402,"",3.50995024875622,"",1411,"","","",""
221,"Oman",430,"Okra",1995,0,"M",,"M",0,"M","","",""
221,"Oman",430,"Okra",1996,0,"M",,"M",0,"M","","",""
221,"Oman",430,"Okra",1997,0,"M",,"M",0,"M","","",""
221,"Oman",430,"Okra",1998,0,"M",,"M",0,"M","","",""
221,"Oman",430,"Okra",1999,0,"M",,"M",0,"M","","",""
221,"Oman",430,"Okra",2000,0,"M",,"M",0,"M","","",""
221,"Oman",430,"Okra",2001,0,"M",,"M",0,"M","","",""
221,"Oman",430,"Okra",2002,0,"M",,"M",0,"M","","",""
221,"Oman",430,"Okra",2003,0,"M",,"M",0,"M","","",""
221,"Oman",430,"Okra",2004,396.9,"",16.5532879818594,"",6570,"","","",""
221,"Oman",430,"Okra",2005,240.7,"",16.551724137931,"",3984,"","","",""
221,"Oman",430,"Okra",2006,219.2,"",16.6697080291971,"",3654,"","","",""
221,"Oman",430,"Okra",2007,286,"",16.5594405594406,"",4736,"","","",""
221,"Oman",430,"Okra",2008,320,"",16.6875,"",5340,"","","",""
221,"Oman",430,"Okra",2009,174,"",16.6436781609195,"",2896,"","","",""
221,"Oman",430,"Okra",2010,247,"",8.82591093117409,"",2180,"","","",""
221,"Oman",430,"Okra",2011,270,"",14.2111111111111,"",3837,"","","",""
221,"Oman",430,"Okra",2012,300,"F",14,"F",4200,"F","","",""
221,"Oman",430,"Okra",2013,300,"T",14,"T",4200,"T","","",""
223,"Turkey",430,"Okra",1995,5400,"F",4.25925925925926,"F",23000,"","","",""
223,"Turkey",430,"Okra",1996,6100,"F",4.26229508196721,"F",26000,"","","",""
223,"Turkey",430,"Okra",1997,6536,"E",3.8249694002448,"E",25000,"","","",""
223,"Turkey",430,"Okra",1998,6661,"E",3.67812640744633,"E",24500,"","","",""
223,"Turkey",430,"Okra",1999,6760,"E",3.62426035502959,"E",24500,"","","",""
223,"Turkey",430,"Okra",2000,6800,"F",4.04411764705882,"F",27500,"","","",""
223,"Turkey",430,"Okra",2001,6100,"F",4.91803278688525,"F",30000,"","","",""
223,"Turkey",430,"Okra",2002,5594,"E",5.54165176975331,"E",31000,"","","",""
223,"Turkey",430,"Okra",2003,7100,"F",5,"F",35500,"","","",""
223,"Turkey",430,"Okra",2004,8600,"F",5,"F",43000,"","","",""
223,"Turkey",430,"Okra",2005,7100,"F",5.07042253521127,"F",36000,"","","",""
223,"Turkey",430,"Okra",2006,6014,"E",6.12620552045228,"E",36843,"","","",""
223,"Turkey",430,"Okra",2007,5960,"E",6.20671140939597,"E",36992,"","","",""
223,"Turkey",430,"Okra",2008,7200,"F",5.21430555555556,"F",37543,"","","",""
223,"Turkey",430,"Okra",2009,7300,"F",5.26465753424658,"F",38432,"","","",""
223,"Turkey",430,"Okra",2010,6900,"F",5.32579710144928,"F",36748,"","","",""
223,"Turkey",430,"Okra",2011,6800,"F",5.39147058823529,"F",36662,"","","",""
223,"Turkey",430,"Okra",2012,6750,"F",5.33348148148148,"F",36001,"","","",""
223,"Turkey",430,"Okra",2013,6750,"T",4.96962962962963,"T",33545,"","","",""
225,"Untd Arab Em",430,"Okra",1995,0,"M",,"M",0,"M","","",""
225,"Untd Arab Em",430,"Okra",1996,0,"M",,"M",0,"M","","",""
225,"Untd Arab Em",430,"Okra",1997,0,"M",,"M",0,"M","","",""
225,"Untd Arab Em",430,"Okra",1998,0,"M",,"M",0,"M","","",""
225,"Untd Arab Em",430,"Okra",1999,807,"",3.35315985130112,"",2706,"","","",""
225,"Untd Arab Em",430,"Okra",2000,184,"",9.52717391304348,"",1753,"","","",""
225,"Untd Arab Em",430,"Okra",2001,124,"",20.1612903225806,"",2500,"","","",""
225,"Untd Arab Em",430,"Okra",2002,155,"",12.6258064516129,"",1957,"","","",""
225,"Untd Arab Em",430,"Okra",2003,178,"",7.42696629213483,"",1322,"","","",""
225,"Untd Arab Em",430,"Okra",2004,180,"F",7.77777777777778,"F",1400,"F","","",""
225,"Untd Arab Em",430,"Okra",2005,937,"",9.10672358591249,"",8533,"","","",""
225,"Untd Arab Em",430,"Okra",2006,95,"",16.8842105263158,"",1604,"","","",""
225,"Untd Arab Em",430,"Okra",2007,73,"",19.9041095890411,"",1453,"","","",""
225,"Untd Arab Em",430,"Okra",2008,46,"",12.9130434782609,"",594,"","","",""
225,"Untd Arab Em",430,"Okra",2009,75.4,"",18.7665782493369,"",1415,"","","",""
225,"Untd Arab Em",430,"Okra",2010,82,"",19.9878048780488,"",1639,"","","",""
225,"Untd Arab Em",430,"Okra",2011,88,"",17.9431818181818,"",1579,"","","",""
225,"Untd Arab Em",430,"Okra",2012,90,"F",17.7777777777778,"F",1600,"F","","",""
225,"Untd Arab Em",430,"Okra",2013,90,"T",17.7777777777778,"T",1600,"T","","",""
231,"USA",430,"Okra",1995,630,"F",7.61904761904762,"F",4800,"F","","",""
231,"USA",430,"Okra",1996,850,"F",7.52941176470588,"F",6400,"F","","",""
231,"USA",430,"Okra",1997,826,"E",7.86924939467312,"E",6500,"F","","",""
231,"USA",430,"Okra",1998,950,"F",7.57894736842105,"F",7200,"F","","",""
231,"USA",430,"Okra",1999,1130,"F",7.52212389380531,"F",8500,"F","","",""
231,"USA",430,"Okra",2000,1170,"",7.64102564102564,"",8940,"","","",""
231,"USA",430,"Okra",2001,1220,"",6.72950819672131,"",8210,"","","",""
231,"USA",430,"Okra",2002,1200,"F",6.66666666666667,"F",8000,"F","","",""
231,"USA",430,"Okra",2003,1191,"E",7.75986565910999,"E",9242,"","","",""
231,"USA",430,"Okra",2004,1130,"E",8.74159292035398,"E",9878,"","","",""
231,"USA",430,"Okra",2005,1250,"F",7.5896,"F",9487,"","","",""
231,"USA",430,"Okra",2006,1238,"E",7.67366720516963,"E",9500,"F","","",""
231,"USA",430,"Okra",2007,1300,"F",7.69230769230769,"F",10000,"F","","",""
231,"USA",430,"Okra",2008,1262,"E",7.6648177496038,"E",9673,"E","","",""
231,"USA",430,"Okra",2009,1271,"E",7.6191974822974,"E",9684,"E","","",""
231,"USA",430,"Okra",2010,1200,"F",7.08333333333333,"F",8500,"F","","",""
231,"USA",430,"Okra",2011,1153,"E",7.17779705117086,"E",8276,"E","","",""
231,"USA",430,"Okra",2012,1200,"F",7,"F",8400,"F","","",""
231,"USA",430,"Okra",2013,1200,"T",7,"T",8400,"T","","",""
233,"Burkina Faso",430,"Okra",1995,4501,"E",8.61541879582315,"E",38778,"E","","",""
233,"Burkina Faso",430,"Okra",1996,6212,"E",7.64520283322601,"E",47492,"E","","",""
233,"Burkina Faso",430,"Okra",1997,6579,"E",7.60723514211886,"E",50048,"E","","",""
233,"Burkina Faso",430,"Okra",1998,6954,"E",7.46476847857348,"E",51910,"E","","",""
233,"Burkina Faso",430,"Okra",1999,7409,"E",7.17586718855446,"E",53166,"E","","",""
233,"Burkina Faso",430,"Okra",2000,7334,"E",7.53831469866376,"E",55286,"E","","",""
233,"Burkina Faso",430,"Okra",2001,7002,"E",7.960725506998,"E",55741,"E","","",""
233,"Burkina Faso",430,"Okra",2002,7920,"E",7.65833333333333,"E",60654,"E","","",""
233,"Burkina Faso",430,"Okra",2003,8852,"E",7.24130140081338,"E",64100,"E","","",""
233,"Burkina Faso",430,"Okra",2004,8758,"E",7.53722311029915,"E",66011,"E","","",""
233,"Burkina Faso",430,"Okra",2005,2650,"F",10,"F",26500,"F","","",""
233,"Burkina Faso",430,"Okra",2006,2600,"F",10,"F",26000,"F","","",""
233,"Burkina Faso",430,"Okra",2007,2700,"F",10,"F",27000,"F","","",""
233,"Burkina Faso",430,"Okra",2008,2483,"E",9.03463552154652,"E",22433,"E","","",""
233,"Burkina Faso",430,"Okra",2009,2769,"E",8.05381003972553,"E",22301,"E","","",""
233,"Burkina Faso",430,"Okra",2010,3006,"E",7.74218230206254,"E",23273,"E","","",""
233,"Burkina Faso",430,"Okra",2011,2829,"E",8.07811947684694,"E",22853,"E","","",""
233,"Burkina Faso",430,"Okra",2012,3000,"F",7.83333333333333,"F",23500,"F","","",""
233,"Burkina Faso",430,"Okra",2013,3000,"T",7.83333333333333,"T",23500,"T","","",""
245,"West Bank",430,"Okra",1995,0,"M",,"M",0,"M","","",""
245,"West Bank",430,"Okra",1996,0,"M",,"M",0,"M","","",""
245,"West Bank",430,"Okra",1997,0,"M",,"M",0,"M","","",""
245,"West Bank",430,"Okra",1998,0,"M",,"M",0,"M","","",""
245,"West Bank",430,"Okra",1999,0,"M",,"M",0,"M","","",""
245,"West Bank",430,"Okra",2000,0,"M",,"M",0,"M","","",""
245,"West Bank",430,"Okra",2001,0,"M",,"M",0,"M","","",""
245,"West Bank",430,"Okra",2002,0,"M",,"M",0,"M","","",""
245,"West Bank",430,"Okra",2003,0,"M",,"M",0,"M","","",""
245,"West Bank",430,"Okra",2004,0,"M",,"M",0,"M","","",""
245,"West Bank",430,"Okra",2005,0,"M",,"M",0,"M","","",""
245,"West Bank",430,"Okra",2006,0,"M",,"M",0,"M","","",""
245,"West Bank",430,"Okra",2007,0,"M",,"M",0,"M","","",""
245,"West Bank",430,"Okra",2008,0,"M",,"M",0,"M","","",""
245,"West Bank",430,"Okra",2009,0,"M",,"M",0,"M","","",""
245,"West Bank",430,"Okra",2010,0,"M",,"M",0,"M","","",""
245,"West Bank",430,"Okra",2011,0,"M",,"M",0,"M","","",""
245,"West Bank",430,"Okra",2012,0,"M",,"M",0,"M","","",""
245,"West Bank",430,"Okra",2013,0,"M",,"M",0,"M","","",""
249,"Yemen",430,"Okra",1995,2624,"",6.1844512195122,"",16228,"","","",""
249,"Yemen",430,"Okra",1996,2985,"",6.02077051926298,"",17972,"","","",""
249,"Yemen",430,"Okra",1997,2952,"",5.87262872628726,"",17336,"","","",""
249,"Yemen",430,"Okra",1998,3466,"",5.49278707443739,"",19038,"","","",""
249,"Yemen",430,"Okra",1999,3535,"",5.55643564356436,"",19642,"","","",""
249,"Yemen",430,"Okra",2000,3602,"",5.61965574680733,"",20242,"","","",""
249,"Yemen",430,"Okra",2001,3698,"",5.88318009734992,"",21756,"","","",""
249,"Yemen",430,"Okra",2002,3751,"",5.87629965342575,"",22042,"","","",""
249,"Yemen",430,"Okra",2003,3819,"",5.88190625818277,"",22463,"","","",""
249,"Yemen",430,"Okra",2004,3015,"",5.79436152570481,"",17470,"","","",""
249,"Yemen",430,"Okra",2005,3067,"",5.8376263449625,"",17904,"","","",""
249,"Yemen",430,"Okra",2006,3203,"",5.87511707773962,"",18818,"","","",""
249,"Yemen",430,"Okra",2007,3480,"",5.95689655172414,"",20730,"","","",""
249,"Yemen",430,"Okra",2008,3580,"",6.01396648044693,"",21530,"","","",""
249,"Yemen",430,"Okra",2009,3718,"",6.05675094136633,"",22519,"","","",""
249,"Yemen",430,"Okra",2010,3800,"*",6.36842105263158,"*",24200,"*","","",""
249,"Yemen",430,"Okra",2011,3240,"*",5.92592592592593,"*",19200,"*","","",""
249,"Yemen",430,"Okra",2012,3750,"*",6.21333333333333,"*",23300,"*","","",""
249,"Yemen",430,"Okra",2013,3870,"*",6.08527131782946,"*",23550,"*","","",""
276,"Sudan",430,"Okra",1995,0,"M",,"M",0,"M","","",""
276,"Sudan",430,"Okra",1996,0,"M",,"M",0,"M","","",""
276,"Sudan",430,"Okra",1997,0,"M",,"M",0,"M","","",""
276,"Sudan",430,"Okra",1998,0,"M",,"M",0,"M","","",""
276,"Sudan",430,"Okra",1999,0,"M",,"M",0,"M","","",""
276,"Sudan",430,"Okra",2000,0,"M",,"M",0,"M","","",""
276,"Sudan",430,"Okra",2001,0,"M",,"M",0,"M","","",""
276,"Sudan",430,"Okra",2002,0,"M",,"M",0,"M","","",""
276,"Sudan",430,"Okra",2003,0,"M",,"M",0,"M","","",""
276,"Sudan",430,"Okra",2004,0,"M",,"M",0,"M","","",""
276,"Sudan",430,"Okra",2005,0,"M",,"M",0,"M","","",""
276,"Sudan",430,"Okra",2006,0,"M",,"M",0,"M","","",""
276,"Sudan",430,"Okra",2007,0,"M",,"M",0,"M","","",""
276,"Sudan",430,"Okra",2008,0,"M",,"M",0,"M","","",""
276,"Sudan",430,"Okra",2009,20916,"",12.0481927710843,"",252000,"","","",""
276,"Sudan",430,"Okra",2010,21504,"",11.9047619047619,"",256000,"","","",""
276,"Sudan",430,"Okra",2011,21504,"",11.9559151785714,"",257100,"","","",""
276,"Sudan",430,"Okra",2012,21504,"T",11.9559151785714,"T",257100,"T","","",""
276,"Sudan",430,"Okra",2013,21504,"T",11.9559151785714,"T",257100,"T","","",""
277,"South Sudan",430,"Okra",1995,0,"M",,"M",0,"M","","",""
277,"South Sudan",430,"Okra",1996,0,"M",,"M",0,"M","","",""
277,"South Sudan",430,"Okra",1997,0,"M",,"M",0,"M","","",""
277,"South Sudan",430,"Okra",1998,0,"M",,"M",0,"M","","",""
277,"South Sudan",430,"Okra",1999,0,"M",,"M",0,"M","","",""
277,"South Sudan",430,"Okra",2000,0,"M",,"M",0,"M","","",""
277,"South Sudan",430,"Okra",2001,0,"M",,"M",0,"M","","",""
277,"South Sudan",430,"Okra",2002,0,"M",,"M",0,"M","","",""
277,"South Sudan",430,"Okra",2003,0,"M",,"M",0,"M","","",""
277,"South Sudan",430,"Okra",2004,0,"M",,"M",0,"M","","",""
277,"South Sudan",430,"Okra",2005,0,"M",,"M",0,"M","","",""
277,"South Sudan",430,"Okra",2006,0,"M",,"M",0,"M","","",""
277,"South Sudan",430,"Okra",2007,0,"M",,"M",0,"M","","",""
277,"South Sudan",430,"Okra",2008,0,"M",,"M",0,"M","","",""
277,"South Sudan",430,"Okra",2009,20916,"",12.0481927710843,"",252000,"","","",""
277,"South Sudan",430,"Okra",2010,21504,"",11.9047619047619,"",256000,"","","",""
277,"South Sudan",430,"Okra",2011,21504,"",11.9559151785714,"",257100,"","","",""
277,"South Sudan",430,"Okra",2012,21504,"T",11.9559151785714,"T",257100,"T","","",""
277,"South Sudan",430,"Okra",2013,21504,"T",11.9559151785714,"T",257100,"T","","",""
299,"Palest, O.T.",430,"Okra",1995,1503,"",4.69727212242182,"",7060,"","","",""
299,"Palest, O.T.",430,"Okra",1996,1737,"",5.48877374784111,"",9534,"","","",""
299,"Palest, O.T.",430,"Okra",1997,1101,"",3.90463215258856,"",4299,"","","",""
299,"Palest, O.T.",430,"Okra",1998,1149,"",2.50217580504787,"",2875,"","","",""
299,"Palest, O.T.",430,"Okra",1999,1109,"",3.05770964833183,"",3391,"","","",""
299,"Palest, O.T.",430,"Okra",2000,890,"",3.68202247191011,"",3277,"","","",""
299,"Palest, O.T.",430,"Okra",2001,926,"",3.78833693304536,"",3508,"","","",""
299,"Palest, O.T.",430,"Okra",2002,958,"",4.30688935281837,"",4126,"","","",""
299,"Palest, O.T.",430,"Okra",2003,816,"",4.19485294117647,"",3423,"","","",""
299,"Palest, O.T.",430,"Okra",2004,882,"",5.54988662131519,"",4895,"","","",""
299,"Palest, O.T.",430,"Okra",2005,815,"",4.39509202453988,"",3582,"","","",""
299,"Palest, O.T.",430,"Okra",2006,819,"",5.09523809523809,"",4173,"","","",""
299,"Palest, O.T.",430,"Okra",2007,589.3,"",5.11454267775327,"",3014,"","","",""
299,"Palest, O.T.",430,"Okra",2008,567,"",4.25220458553792,"",2411,"","","",""
299,"Palest, O.T.",430,"Okra",2009,378,"E",6.95767195767196,"E",2630,"E","","",""
299,"Palest, O.T.",430,"Okra",2010,392,"",4.08163265306122,"F",1600,"F","","",""
299,"Palest, O.T.",430,"Okra",2011,384,"E",4.27864583333333,"E",1643,"E","","",""
299,"Palest, O.T.",430,"Okra",2012,400,"F",4.25,"F",1700,"F","","",""
299,"Palest, O.T.",430,"Okra",2013,400,"T",4.25,"T",1700,"T","","",""
